loss,data_loss,physics_loss
0.011101185344159603,4.542571696219966e-05,0.011055760085582733
0.009381324052810669,8.046084258239716e-05,0.00930086337029934
