loss,data_loss,physics_loss
-1.1638257503509521,-1.8642514944076538,0.47696834802627563
-1.5329689979553223,-2.3232786655426025,0.27813810110092163
